tmID,year,average_powerRanking,average_PER,average_postPowerRanking,average_postPER,coachesPowerRanking,collectivePowerRanking,playoff
MIN,2,30.047189551263546,8.479390163139369,0.0,0.0,-1.4210854715202004e-14,90.3876045687267,N
MIN,3,26.264909869106702,7.246348128717727,0.0,0.0,-15.95918367346939,58.09707429867827,N
MIN,4,29.079161610435282,9.942764662448749,17.6931877125478,5.23793082490673,6.428571428571445,180.12868097738388,Y
MIN,5,27.56340605668886,8.950899125850853,13.99323743103252,-7.761159830457991,96.42857142857144,168.61683538868755,Y
MIN,6,24.014149449916253,5.402514640866705,0.0,0.0,10.714285714285708,105.18761730981184,N
MIN,7,30.03256901657837,10.700025592244003,0.0,0.0,-3.886554621848732,49.20067180352593,N
MIN,8,30.120846035286508,9.723634030360063,0.0,0.0,-25.0,56.36529191103349,N
MIN,9,26.479442063695902,10.072233971825117,0.0,0.0,28.57142857142857,129.45961283749668,N
MIN,1,25.92017951446454,8.862416442812865,0.0,0.0,26.78571428571429,93.4768732790598,N
CON,9,29.351423380082245,12.481340389296967,16.999887762198018,6.1256584524430915,123.21428571428572,222.21984183432144,Y
CON,7,28.330562818338738,11.786970696853228,18.954313382198468,6.116873700850775,145.0,334.9128057295151,Y
CON,4,31.59996258652286,10.070434021888694,22.835506186903906,11.364338575243908,72.14285714285717,159.76098616404045,Y
CON,5,32.51433230000006,10.762642349225992,25.858536558481468,10.503920381327502,72.14285714285717,172.80567623057283,Y
CON,6,29.488240304472257,8.956277487641835,24.53631868445306,7.332336680685207,129.28571428571428,315.0709534030018,Y
CON,8,29.878453690761873,1.8999904254760978,21.435737363515905,9.161316519135116,23.571428571428584,192.6363806703289,Y
UTA,1,29.50119257929924,10.775812798978166,0.0,0.0,13.57142857142859,191.26559111222588,N
UTA,2,28.80650894571508,7.264443110841392,14.748802249265458,9.001199926229727,23.108108108108105,212.63776366255053,Y
HOU,1,31.1795923782503,11.518912801462882,22.363588785157962,6.898817303035526,93.92857142857142,374.23366707593885,Y
HOU,2,29.885653737722976,8.526216619128405,18.73703671029151,6.353106123981849,39.64285714285715,203.2269893336252,Y
HOU,3,27.464981723284744,8.249306448663974,16.895580069069787,5.910960989717552,84.28571428571426,311.69556744339303,Y
HOU,4,30.965809915463193,8.20689248915394,18.300800891210457,2.3675660379922125,64.28571428571428,208.21415311137565,Y
HOU,6,27.465300247738558,7.608617804894754,18.45271400503172,11.660096571636569,15.35714285714286,161.4199012411643,Y
HOU,5,28.820974669686464,7.113159385560835,0.0,0.0,-23.92857142857144,99.1794892601108,N
HOU,7,29.734814074789554,8.854695180528422,17.3568051368824,7.130383127844142,46.428571428571445,195.81689979025265,Y
HOU,8,29.9602134914008,8.853869942681165,0.0,0.0,1.7857142857142776,109.49034055187504,N
WAS,1,27.64936278337672,8.90469281159054,15.074854685940208,4.135642325123514,-12.331932773109244,143.0247654901622,Y
WAS,2,24.971749473912524,4.602415835127823,0.0,0.0,-6.428571428571438,61.645639367882175,N
WAS,6,27.56430016028372,9.261297913969246,0.0,0.0,-11.42857142857143,123.75148955658231,N
WAS,5,30.40853621144848,9.6913577451489,19.97006224512975,8.215133546961654,37.49999999999999,142.19470918397602,Y
WAS,7,31.542603385547974,12.788114329914654,14.542292429796932,4.432858292534004,46.428571428571445,171.63590573592137,Y
WAS,8,28.386396889667324,9.84246796360404,0.0,0.0,36.97478991596638,121.45493847928503,N
WAS,9,24.737004950864698,6.799162344469853,0.0,0.0,-32.61904761904761,41.93032538889244,N
WAS,3,26.428465486536236,5.777708270383756,19.931162759464943,9.165258052103527,94.64285714285712,219.63771701960368,Y
WAS,4,27.264957486344095,8.603835414349962,0.0,0.0,-56.78571428571428,49.98332514411384,N
ORL,2,29.278557513456793,7.550836455534945,0.0,0.0,8.92857142857143,80.04798304205113,N
ORL,1,27.221472184448455,9.280475177289564,15.97755714342148,4.745042827981255,35.71428571428571,133.9323329103066,Y
SAC,9,27.11380227423867,9.304302991371422,18.747139572425166,5.850168757635443,46.428571428571445,100.5793014060588,Y
SAC,3,25.362577943666917,6.894996790904521,0.0,0.0,17.85714285714286,94.59673535464252,N
SAC,4,30.474162448402964,9.639043068492349,23.764349509468524,4.895761385069243,21.55279503105589,186.25675039084345,Y
SAC,5,29.563857613348674,9.85104594053187,22.141406194304466,6.418778911820527,146.42857142857144,167.65417009228256,Y
SAC,8,29.855396851948516,8.567743689855725,21.408469337501547,7.977640231964361,32.5,168.68625390102892,Y
SAC,1,29.40459710304599,10.876479698989044,17.968504161055723,10.360505024249884,80.35714285714286,224.8928398034847,Y
SAC,2,28.609221228622673,13.76192578441682,21.37000306417103,10.521825758801198,46.27413127413128,259.55649599797067,Y
SAC,6,30.783256221006997,9.368518449709505,24.7974728776841,8.99885367286569,201.78571428571428,289.83683023491176,Y
SAC,7,28.8953923002149,10.044789215946505,28.522735243283694,11.009350289966214,50.35714285714286,202.16525421497155,Y
NYL,2,25.75836535836235,11.535943553230423,16.19298439711872,-0.8063753460760216,68.92857142857144,253.08839633325564,Y
NYL,7,27.599047989290657,8.348289216032352,0.0,0.0,-38.92857142857143,32.84890808237444,N
NYL,8,27.709805585476712,7.731839130801462,17.34996178564,4.322477501405827,20.0,136.40841317409402,Y
NYL,4,29.935117526918024,9.760824802963462,0.0,0.0,28.57142857142857,163.92289610845995,N
NYL,5,30.863802677651268,8.996669034704398,21.495027959516833,11.059225594157157,-6.245644599303137,170.62750092738685,Y
NYL,6,25.89493679976835,6.52874823887399,10.48986667570632,2.5296912973467633,46.428571428571445,178.38013396393808,Y
NYL,9,30.84133367476304,11.399209727677832,21.31065857477431,7.512318848436952,55.35714285714286,172.6536521244033,Y
NYL,1,27.614387188163157,6.345946881342157,22.955731668650138,11.559513116013706,62.85714285714283,262.0935638909032,Y
NYL,3,28.883381281668843,9.643435514125686,28.04174806709409,11.155251398293816,53.57142857142859,214.63441084820167,Y
SEA,4,28.18276396121588,7.882347882177219,0.0,0.0,109.28571428571428,190.97304705359767,N
SEA,1,26.959721553872672,5.6102302747713955,0.0,0.0,-53.57142857142857,-61.993958069885785,N
SEA,3,28.43335168676636,9.066196147445245,14.817647862624542,4.075616745446058,44.642857142857125,164.23125960930574,Y
SEA,5,30.760250567329777,10.532534874009265,26.174662056963445,10.50968252266674,41.428571428571416,211.65186481238575,Y
SEA,2,28.048587710997555,8.576536138029683,0.0,0.0,-57.85714285714286,9.511981939991712,N
SEA,6,28.557661303051034,9.140251197250278,18.855558499491313,4.945734214219987,41.428571428571416,195.22613324304345,Y
SEA,9,27.671703696215282,8.86366465138484,16.21067329773712,5.732702384716258,59.28571428571428,233.1727814720326,Y
SEA,7,28.46176916421211,8.294748237221908,15.944553910559682,4.5150420964156135,6.428571428571445,177.78940676646894,Y
SEA,8,27.652526331871744,7.570434760657547,14.31141476883292,7.422444650926918,14.642857142857125,147.34058531113234,Y
SAS,6,27.246507519821588,6.550070021799896,0.0,0.0,-51.78571428571429,-16.467254640247837,N
SAS,7,31.858427877870646,10.808004640574882,0.0,0.0,-23.92857142857144,102.21749280011689,N
SAS,8,32.41379343556827,10.402307497994585,27.300822828766364,13.671295174853645,82.85714285714283,200.18962761187797,Y
SAS,9,27.146405908239682,7.063311503750608,22.379438190243352,12.001698437037954,77.14285714285712,273.32256390659484,Y
SAS,4,30.72556865445697,6.565595533958379,0.0,0.0,-5.252100840336139,93.03455411960236,N
SAS,5,27.432411874201915,11.704683675888935,0.0,0.0,-23.319327731092443,33.15864356978225,N
CHA,2,29.147917552413464,7.990033589190065,24.449714812085848,5.867398141647382,13.57142857142859,210.7733565833876,Y
CHA,3,26.4090792266685,11.487740829559982,15.644126526599376,3.313530161628945,13.57142857142859,173.1859350129838,Y
CHA,5,26.393655553957558,7.247156039179176,0.0,0.0,28.57142857142857,105.19185119986209,N
CHA,1,28.829438958134276,8.725966963921225,0.0,0.0,-47.142857142857146,14.69325896317472,N
CHA,4,32.75454323231057,10.40823807357246,17.06861542887565,10.07176367584918,46.428571428571445,153.175325945148,Y
CHA,6,26.016838623748956,7.128334732251512,0.0,0.0,-37.07983193277312,-24.16456610350572,N
CLE,1,28.833835950940266,9.628359919225701,21.04121736935686,12.63610950447112,21.785714285714263,168.32151576138867,Y
CLE,2,26.22791873688178,11.024104730286586,16.06351156063422,5.296164735272898,139.28571428571428,267.9162049360989,Y
CLE,3,27.848554355424106,7.51772044814785,0.0,0.0,-40.71428571428572,81.96303641147853,N
MIA,1,27.34288043254636,6.24716640687915,0.0,0.0,-13.928571428571429,57.09279492946333,N
MIA,2,28.88398195419388,6.607801570295739,17.265017681842142,9.614625760552661,71.42857142857142,239.95457591470787,Y
LAS,3,28.66977596674615,9.604051259719073,23.758511160681394,12.733024045781214,121.78571428571428,350.24487612757514,Y
LAS,8,29.042250982430193,6.634146216890526,0.0,0.0,-33.57142857142858,46.398379695000656,N
LAS,9,27.72144207420613,7.752626914193627,20.212416540540254,7.389359337193051,55.714285714285694,238.7589120236468,Y
LAS,2,33.989823026808885,12.680341218951378,27.67250299995233,8.441856507040761,245.7142857142857,376.7326290436495,Y
LAS,4,27.33469930200982,7.930869392418692,20.508380432951416,5.848125905661882,100.0,257.2461997300492,Y
LAS,5,30.315600905368512,8.585301987263428,17.199644032734565,2.1194829926197745,40.70767195767196,287.2982154450997,Y
LAS,6,28.013260811256576,7.513930379220313,18.28683478254544,5.7507895132620686,-13.432055749128924,137.88749089435925,Y
LAS,7,27.905432886235623,10.427399519603494,20.0563174314141,8.115485476975536,108.92857142857144,272.87682000156826,Y
LAS,1,32.59665295592815,11.444098761080882,24.934085089934538,12.486976704439966,275.7142857142857,360.2784887966689,Y
IND,7,30.300768559211118,9.500392614091163,9.025300399361294,5.7744758475661335,64.64285714285714,199.4602278825804,Y
IND,4,29.174524367039755,9.609884616250955,0.0,0.0,28.57142857142857,115.97075572790872,N
IND,9,26.688800451687666,8.44860594773462,16.686585100480908,3.6947632836735282,60.35714285714283,151.98956217954472,Y
IND,8,32.82152028707566,10.593012416209648,23.242033329565874,8.318076893020525,50.35714285714286,225.75959272430964,Y
IND,6,29.67848621905661,9.046294982353254,18.493892825675648,6.118919919584909,33.21428571428572,202.1957463087836,Y
IND,2,29.90135416581737,10.13117299052103,0.0,0.0,-40.71428571428572,52.8215668027311,N
IND,5,30.511125285563637,8.40171999893442,0.0,0.0,13.928571428571438,123.30637733429508,N
IND,3,29.921052390352518,8.48114675842747,16.489691121051614,8.610214049451315,35.71428571428571,122.0946367321055,Y
IND,1,24.56144216717452,5.594198110096784,0.0,0.0,-26.78571428571428,95.72649341802924,N
DET,7,27.85514891606982,8.211901954136799,23.1520396484483,6.6003218539241475,93.9285714285714,286.55185055167755,Y
DET,2,29.946187502208275,9.085290857034185,0.0,0.0,-17.85714285714286,35.61134666795288,N
DET,6,28.274844915825543,8.248915993463493,9.526135469867102,4.498961266427309,88.57142857142856,149.46825145623123,Y
DET,8,25.90833634603484,6.618980325815428,22.26115648276843,9.427424731782484,180.0,290.95322067026893,Y
DET,9,25.068800688934576,8.069677683742764,16.276502930629274,5.4927572577925785,82.14285714285714,274.68695564554275,Y
DET,1,28.431986916261376,12.042754718292246,0.0,0.0,17.85714285714286,76.62165262486408,N
DET,3,26.2739190211644,7.284692718424095,0.0,0.0,20.339285714285715,59.39505835971264,N
DET,5,24.74939728019131,6.997348749247387,15.792339121023558,5.923568339153037,-2.500000000000014,162.05338023265776,Y
DET,4,28.11827638853829,9.88277129448004,22.87474543232956,7.5963358653359965,136.07142857142858,324.61423335393374,Y
ATL,9,29.633308946286974,9.870027263660058,0.0,0.0,-118.57142857142856,-56.18412232616858,N
POR,2,27.165305104747446,8.312090067405627,0.0,0.0,-8.92857142857143,42.071998742738806,N
POR,1,27.802493965589374,8.157636251371871,0.0,0.0,-17.85714285714286,41.6658219429107,N
PHO,3,26.141507355007786,7.538995237524182,0.0,0.0,-10.60267857142857,19.266336801915514,N
PHO,1,28.53141451616009,9.251660289032074,16.10003392704532,5.434559635643197,71.42857142857142,195.95017615199131,Y
PHO,4,19.713241040519296,5.189181743228618,0.0,0.0,-42.85714285714285,-5.7747176778135065,N
PHO,5,27.518981330913114,9.223477608039547,0.0,0.0,37.49999999999999,139.75347212700402,N
PHO,6,29.702430275122424,10.177488104194879,0.0,0.0,28.57142857142857,152.45908888342797,N
PHO,7,27.943382613893263,11.614723418210225,0.0,0.0,126.42857142857144,173.35537929217423,N
PHO,2,23.98252722033415,7.082317609573322,0.0,0.0,8.92857142857143,88.83868785355929,N
PHO,9,28.37183556610182,11.225962567042123,0.0,0.0,68.57142857142856,133.1985005933618,N
PHO,8,30.942955263130834,11.30277856687725,24.33151808623874,7.529518990412651,91.07142857142856,247.93658247157285,Y
CHI,7,27.72630147641636,8.537364073533395,0.0,0.0,-69.64285714285714,-59.61310465629629,N
CHI,8,28.847561513182686,9.83082264942592,0.0,0.0,10.714285714285708,76.6274548376889,N
CHI,9,29.013699201754296,7.481467040455503,0.0,0.0,-7.142857142857153,116.75531060831176,N
